{"cameraMode":{"drawMode":0,"name":"Shaded","section":"Shading Mode"},"sceneLighting":false,"audioPlay":false,"sceneViewState":{"showFog":true,"showMaterialUpdate":false,"showSkybox":true,"showFlares":true,"showImageEffects":true,"showParticleSystems":true},"in2DMode":false,"pivot":{"x":-3.042055130004883,"y":-3.6116275787353517,"z":-1.3488916158676148},"rotation":{"x":-0.2899707853794098,"y":0.6523208618164063,"z":-0.29862287640571597,"w":-0.6334202885627747},"size":17.321943283081056,"orthographic":false}