{"cameraMode":{"drawMode":0,"name":"Shaded","section":"Shading Mode"},"sceneLighting":false,"audioPlay":false,"sceneViewState":{"showFog":true,"showMaterialUpdate":false,"showSkybox":true,"showFlares":true,"showImageEffects":true,"showParticleSystems":true},"in2DMode":false,"pivot":{"x":-0.17512670159339906,"y":-2.290459156036377,"z":4.056933403015137},"rotation":{"x":0.12049844861030579,"y":-0.041680943220853809,"z":0.00506355008110404,"w":0.9918285608291626},"size":18.120405197143556,"orthographic":false}