{"cameraMode":{"drawMode":0,"name":"Shaded","section":"Shading Mode"},"sceneLighting":false,"audioPlay":false,"sceneViewState":{"showFog":true,"showMaterialUpdate":false,"showSkybox":true,"showFlares":true,"showImageEffects":true,"showParticleSystems":true},"in2DMode":false,"pivot":{"x":1321.936767578125,"y":5453.103515625,"z":-4824.8349609375},"rotation":{"x":0.34512072801589968,"y":0.10945841670036316,"z":-0.04056650027632713,"w":0.9312764406204224},"size":5840.994140625,"orthographic":true}