{"cameraMode":{"drawMode":0,"name":"Shaded","section":"Shading Mode"},"sceneLighting":false,"audioPlay":false,"sceneViewState":{"showFog":true,"showMaterialUpdate":false,"showSkybox":true,"showFlares":true,"showImageEffects":true,"showParticleSystems":true},"in2DMode":false,"pivot":{"x":35.55937194824219,"y":-547.57763671875,"z":168.82965087890626},"rotation":{"x":0.34041616320610049,"y":-0.014102951623499394,"z":0.005108424462378025,"w":0.9401624798774719},"size":3201.27587890625,"orthographic":false}