{"cameraMode":{"drawMode":0,"name":"Shaded","section":"Shading Mode"},"sceneLighting":false,"audioPlay":false,"sceneViewState":{"showFog":true,"showMaterialUpdate":false,"showSkybox":true,"showFlares":true,"showImageEffects":true,"showParticleSystems":true},"in2DMode":false,"pivot":{"x":-14.311527252197266,"y":-257.90423583984377,"z":284.95050048828127},"rotation":{"x":0.23710602521896363,"y":0.010200788266956807,"z":-0.002487780526280403,"w":0.9714338183403015},"size":1057.172119140625,"orthographic":false}