{"cameraMode":{"drawMode":0,"name":"Shaded","section":"Shading Mode"},"sceneLighting":false,"audioPlay":false,"sceneViewState":{"showFog":true,"showMaterialUpdate":false,"showSkybox":true,"showFlares":true,"showImageEffects":true,"showParticleSystems":true},"in2DMode":false,"pivot":{"x":-134.13568115234376,"y":-371.521728515625,"z":298.3250427246094},"rotation":{"x":0.3624238669872284,"y":-0.09482545405626297,"z":0.037096839398145679,"w":0.9264393448829651},"size":1927.0897216796875,"orthographic":false}