{"cameraMode":{"drawMode":0,"name":"Shaded","section":"Shading Mode"},"sceneLighting":false,"audioPlay":false,"sceneViewState":{"showFog":true,"showMaterialUpdate":false,"showSkybox":true,"showFlares":true,"showImageEffects":true,"showParticleSystems":true},"in2DMode":false,"pivot":{"x":2.0584137439727785,"y":1.9838333129882813,"z":1.1421208381652833},"rotation":{"x":-0.08968690037727356,"y":0.8404990434646606,"z":-0.14670902490615846,"w":-0.5138099789619446},"size":13.214920043945313,"orthographic":false}