{"cameraMode":{"drawMode":0,"name":"Shaded","section":"Shading Mode"},"sceneLighting":false,"audioPlay":false,"sceneViewState":{"showFog":true,"showMaterialUpdate":false,"showSkybox":true,"showFlares":true,"showImageEffects":true,"showParticleSystems":true},"in2DMode":false,"pivot":{"x":-0.2577188014984131,"y":-5.080343246459961,"z":-0.9997682571411133},"rotation":{"x":-0.512944757938385,"y":0.13578788936138154,"z":-0.08258146792650223,"w":-0.8436063528060913},"size":24.320720672607423,"orthographic":false}