{"cameraMode":{"drawMode":0,"name":"Shaded","section":"Shading Mode"},"sceneLighting":false,"audioPlay":false,"sceneViewState":{"showFog":true,"showMaterialUpdate":false,"showSkybox":true,"showFlares":true,"showImageEffects":true,"showParticleSystems":true},"in2DMode":false,"pivot":{"x":1.712536096572876,"y":1.3453168869018555,"z":4.268754005432129},"rotation":{"x":-0.14139840006828309,"y":0.844889223575592,"z":-0.27279338240623476,"w":-0.4379231035709381},"size":24.45685577392578,"orthographic":false}