{"cameraMode":{"drawMode":0,"name":"Shaded","section":"Shading Mode"},"sceneLighting":false,"audioPlay":false,"sceneViewState":{"showFog":true,"showMaterialUpdate":false,"showSkybox":true,"showFlares":true,"showImageEffects":true,"showParticleSystems":true},"in2DMode":false,"pivot":{"x":1.6718921661376954,"y":1.1745719909667969,"z":2.0871405601501467},"rotation":{"x":-0.15142320096492768,"y":0.8387420177459717,"z":-0.293215811252594,"w":-0.4331441819667816},"size":10.147680282592774,"orthographic":false}