{"cameraMode":{"drawMode":0,"name":"Shaded","section":"Shading Mode"},"sceneLighting":false,"audioPlay":false,"sceneViewState":{"showFog":true,"showMaterialUpdate":false,"showSkybox":true,"showFlares":true,"showImageEffects":true,"showParticleSystems":true},"in2DMode":false,"pivot":{"x":3.652669668197632,"y":4.005636692047119,"z":3.2833025455474855},"rotation":{"x":-0.1989639550447464,"y":0.699129581451416,"z":-0.21306003630161286,"w":-0.6528732180595398},"size":7.2881598472595219,"orthographic":false}