{"cameraMode":{"drawMode":0,"name":"Shaded","section":"Shading Mode"},"sceneLighting":false,"audioPlay":false,"sceneViewState":{"showFog":true,"showMaterialUpdate":false,"showSkybox":true,"showFlares":true,"showImageEffects":true,"showParticleSystems":true},"in2DMode":false,"pivot":{"x":1.311870813369751,"y":1.1558595895767213,"z":-0.27828070521354678},"rotation":{"x":-0.17331674695014954,"y":0.6656705737113953,"z":-0.16311940550804139,"w":-0.7072837948799133},"size":4.019678115844727,"orthographic":false}