{"cameraMode":{"drawMode":0,"name":"Shaded","section":"Shading Mode"},"sceneLighting":false,"audioPlay":false,"sceneViewState":{"showFog":true,"showMaterialUpdate":false,"showSkybox":true,"showFlares":true,"showImageEffects":true,"showParticleSystems":true},"in2DMode":false,"pivot":{"x":1.7894635200500489,"y":1.0190626382827759,"z":2.4292092323303224},"rotation":{"x":-0.08968690037727356,"y":0.8404990434646606,"z":-0.14670902490615846,"w":-0.5138099789619446},"size":10.147680282592774,"orthographic":false}