{"cameraMode":{"drawMode":0,"name":"Shaded","section":"Shading Mode"},"sceneLighting":false,"audioPlay":false,"sceneViewState":{"showFog":true,"showMaterialUpdate":false,"showSkybox":true,"showFlares":true,"showImageEffects":true,"showParticleSystems":true},"in2DMode":false,"pivot":{"x":0.6702356338500977,"y":0.45725494623184206,"z":0.274329274892807},"rotation":{"x":-0.22741501033306123,"y":0.663996696472168,"z":-0.22321906685829163,"w":-0.6764585375785828},"size":6.2239532470703129,"orthographic":false}