{"cameraMode":{"drawMode":0,"name":"Shaded","section":"Shading Mode"},"sceneLighting":false,"audioPlay":false,"sceneViewState":{"showFog":true,"showMaterialUpdate":false,"showSkybox":true,"showFlares":true,"showImageEffects":true,"showParticleSystems":true},"in2DMode":false,"pivot":{"x":0.9054809212684631,"y":-3.413557529449463,"z":3.0375399589538576},"rotation":{"x":-0.5401411056518555,"y":0.12442838400602341,"z":-0.0811506137251854,"w":-0.8283852338790894},"size":12.085217475891114,"orthographic":false}