{"cameraMode":{"drawMode":0,"name":"Shaded","section":"Shading Mode"},"sceneLighting":true,"audioPlay":false,"sceneViewState":{"showFog":true,"showMaterialUpdate":false,"showSkybox":true,"showFlares":true,"showImageEffects":true,"showParticleSystems":true},"in2DMode":false,"pivot":{"x":6.252222061157227,"y":-7.897772789001465,"z":19.321897506713868},"rotation":{"x":-0.22991624474525453,"y":-0.1167486310005188,"z":0.02779499813914299,"w":-0.96579509973526},"size":13.381425857543946,"orthographic":false}