{"cameraMode":{"drawMode":0,"name":"Shaded","section":"Shading Mode"},"sceneLighting":true,"audioPlay":false,"sceneViewState":{"showFog":true,"showMaterialUpdate":false,"showSkybox":true,"showFlares":true,"showImageEffects":true,"showParticleSystems":true},"in2DMode":false,"pivot":{"x":-1.9801483154296876,"y":0.24810791015625,"z":3.6519269943237306},"rotation":{"x":-0.13792315125465394,"y":0.28022637963294985,"z":-0.04072236642241478,"w":-0.9491004943847656},"size":8.82559585571289,"orthographic":false}