{"cameraMode":{"drawMode":0,"name":"Shaded","section":"Shading Mode"},"sceneLighting":true,"audioPlay":false,"sceneViewState":{"showFog":true,"showMaterialUpdate":false,"showSkybox":true,"showFlares":true,"showImageEffects":true,"showParticleSystems":true},"in2DMode":false,"pivot":{"x":-1.8781452178955079,"y":1.129941463470459,"z":-1.4769752025604249},"rotation":{"x":-0.24299481511116029,"y":0.4619945287704468,"z":-0.13325434923171998,"w":-0.8424728512763977},"size":1.66347074508667,"orthographic":false}