{"cameraMode":{"drawMode":0,"name":"Shaded","section":"Shading Mode"},"sceneLighting":true,"audioPlay":false,"sceneViewState":{"showFog":true,"showMaterialUpdate":false,"showSkybox":true,"showFlares":true,"showImageEffects":true,"showParticleSystems":true},"in2DMode":false,"pivot":{"x":-12.260921478271485,"y":-1.6889839172363282,"z":7.800817966461182},"rotation":{"x":-0.1466751992702484,"y":0.4707130193710327,"z":-0.07969117909669876,"w":-0.8663648962974548},"size":10.488432884216309,"orthographic":false}