{"cameraMode":{"drawMode":0,"name":"Shaded","section":"Shading Mode"},"sceneLighting":true,"audioPlay":false,"sceneViewState":{"showFog":true,"showMaterialUpdate":false,"showSkybox":true,"showFlares":true,"showImageEffects":true,"showParticleSystems":true},"in2DMode":false,"pivot":{"x":-14.100674629211426,"y":-1.5539467334747315,"z":-1.1415205001831055},"rotation":{"x":-0.10745206475257874,"y":0.7241172194480896,"z":-0.11589845269918442,"w":-0.6713413596153259},"size":8.033039093017579,"orthographic":false}