{"cameraMode":{"drawMode":0,"name":"Shaded","section":"Shading Mode"},"sceneLighting":true,"audioPlay":false,"sceneViewState":{"showFog":true,"showMaterialUpdate":false,"showSkybox":true,"showFlares":true,"showImageEffects":true,"showParticleSystems":true},"in2DMode":false,"pivot":{"x":7.1992878913879398,"y":-8.080009460449219,"z":20.616811752319337},"rotation":{"x":-0.22028091549873353,"y":-0.1833798587322235,"z":0.04220595955848694,"w":-0.957127571105957},"size":13.422513961791993,"orthographic":false}